Product Name,Price,Link
Heat Shrink Tube Kit,$6.00,https://electroslab.com/products/heat-shrink-tube-kit
4WD Robot Arm Car Kit,$20.00,https://electroslab.com/products/4wd-robot-arm-car-kit-stem-programmable
Multi-Functional 4WD Robot Car Chassis Kit,$22.00,https://electroslab.com/products/multi-functional-4wd-robot-car-chassis-kits
UNI-T UTP3315TFL-II Linear DC Power Supply,$85.00,https://electroslab.com/products/uni-t-utp3315tfl-ii-linear-dc-power-supply
2000G مطرقة حجر,$9.50,https://electroslab.com/products/2000g-%D9%85%D8%B7%D8%B1%D9%82%D8%A9-%D8%AD%D8%AC%D8%B1
200 Mm رباط بلاستيك,$1.75,https://electroslab.com/products/200-mm-%D8%B1%D8%A8%D8%A7%D8%B7-%D8%A8%D9%84%D8%A7%D8%B3%D8%AA%D9%8A%D9%83
0-200 Mm بياكوليس ديجيتال,$13.00,https://electroslab.com/products/0-200-mm-%D8%A8%D9%8A%D8%A7%D9%83%D9%88%D9%84%D9%8A%D8%B3-%D8%AF%D9%8A%D8%AC%D9%8A%D8%AA%D8%A7%D9%84
ElectroSLab Bluetooth Car Kit,$25.00,https://electroslab.com/products/electroslab-bluetooth-car-kit
STO Lithium Batteries,$800.00,https://electroslab.com/products/sto-lithium-batteries
